game_id,season,season_type,game_date,game_date_time,team_id,team_uid,team_slug,team_location,team_name,team_abbreviation,team_display_name,team_short_display_name,team_color,team_alternate_color,team_logo,team_home_away,team_score,team_winner,assists,blocks,defensive_rebounds,fast_break_points,field_goal_pct,field_goals_made,field_goals_attempted,flagrant_fouls,fouls,free_throw_pct,free_throws_made,free_throws_attempted,largest_lead,lead_changes,lead_percentage,offensive_rebounds,points_in_paint,steals,team_turnovers,technical_fouls,three_point_field_goal_pct,three_point_field_goals_made,three_point_field_goals_attempted,total_rebounds,total_technical_fouls,total_turnovers,turnover_points,turnovers,opponent_team_id,opponent_team_uid,opponent_team_slug,opponent_team_location,opponent_team_name,opponent_team_abbreviation,opponent_team_display_name,opponent_team_short_display_name,opponent_team_color,opponent_team_alternate_color,opponent_team_logo,opponent_team_score
401856948,2026,2,2026-05-29,2026-05-30T02:00:00Z,20,s:40~l:59~t:20,atlanta-dream,Atlanta,Dream,ATL,Atlanta Dream,Dream,e31837,5091cc,https://a.espncdn.com/i/teamlogos/wnba/500/atl.png,away,86,True,22,1,17,10,44,30,68,0,14,85,17,20,23,4,88,12,42,16,1,1,30,9,30,29,1,16,8,15,132052,s:40~l:59~t:132052,portland-fire,Portland,Fire,POR,Portland Fire,Fire,cee5eb,000000,https://a.espncdn.com/i/teamlogos/wnba/500/por.png,66
401856948,2026,2,2026-05-29,2026-05-30T02:00:00Z,132052,s:40~l:59~t:132052,portland-fire,Portland,Fire,POR,Portland Fire,Fire,cee5eb,000000,https://a.espncdn.com/i/teamlogos/wnba/500/por.png,home,66,False,18,4,17,2,45,25,56,0,22,88,7,8,3,4,3,6,30,4,0,1,33,9,27,23,1,28,33,28,20,s:40~l:59~t:20,atlanta-dream,Atlanta,Dream,ATL,Atlanta Dream,Dream,e31837,5091cc,https://a.espncdn.com/i/teamlogos/wnba/500/atl.png,86
401856945,2026,2,2026-05-29,2026-05-29T23:30:00Z,11,s:40~l:59~t:11,phoenix-mercury,Phoenix,Mercury,PHX,Phoenix Mercury,Mercury,3c286e,fa4b0a,https://a.espncdn.com/i/teamlogos/wnba/500/phx.png,away,68,False,14,3,20,7,34,21,62,0,20,91,20,22,0,0,0,3,22,11,0,0,25,6,24,23,0,9,8,9,9,s:40~l:59~t:9,new-york-liberty,New York,Liberty,NY,New York Liberty,Liberty,86cebc,000000,https://a.espncdn.com/i/teamlogos/wnba/500/ny.png,75
401856945,2026,2,2026-05-29,2026-05-29T23:30:00Z,9,s:40~l:59~t:9,new-york-liberty,New York,Liberty,NY,New York Liberty,Liberty,86cebc,000000,https://a.espncdn.com/i/teamlogos/wnba/500/ny.png,home,75,True,18,5,33,4,43,26,60,0,21,88,15,17,11,0,93,7,30,5,3,1,32,8,25,40,1,19,22,16,11,s:40~l:59~t:11,phoenix-mercury,Phoenix,Mercury,PHX,Phoenix Mercury,Mercury,3c286e,fa4b0a,https://a.espncdn.com/i/teamlogos/wnba/500/phx.png,68
401856946,2026,2,2026-05-29,2026-05-29T23:30:00Z,6,s:40~l:59~t:6,los-angeles-sparks,Los Angeles,Sparks,LA,Los Angeles Sparks,Sparks,552583,fdb927,https://a.espncdn.com/i/teamlogos/wnba/500/la.png,away,92,True,23,2,20,4,50,33,66,1,24,71,20,28,9,7,55,9,50,8,0,1,30,6,20,29,1,14,12,14,16,s:40~l:59~t:16,washington-mystics,Washington,Mystics,WSH,Washington Mystics,Mystics,e03a3e,002b5c,https://a.espncdn.com/i/teamlogos/wnba/500/wsh.png,87
401856946,2026,2,2026-05-29,2026-05-29T23:30:00Z,16,s:40~l:59~t:16,washington-mystics,Washington,Mystics,WSH,Washington Mystics,Mystics,e03a3e,002b5c,https://a.espncdn.com/i/teamlogos/wnba/500/wsh.png,home,87,False,26,4,24,2,51,31,61,0,27,69,20,29,7,7,36,7,50,4,1,0,23,5,22,31,0,16,19,15,6,s:40~l:59~t:6,los-angeles-sparks,Los Angeles,Sparks,LA,Los Angeles Sparks,Sparks,552583,fdb927,https://a.espncdn.com/i/teamlogos/wnba/500/la.png,92
401856947,2026,2,2026-05-29,2026-05-29T23:30:00Z,8,s:40~l:59~t:8,minnesota-lynx,Minnesota,Lynx,MIN,Minnesota Lynx,Lynx,266092,79bc43,https://a.espncdn.com/i/teamlogos/wnba/500/min.png,away,79,True,20,7,37,10,39,28,71,0,17,83,15,18,21,3,88,6,28,13,0,0,29,8,28,43,0,14,10,14,19,s:40~l:59~t:19,chicago-sky,Chicago,Sky,CHI,Chicago Sky,Sky,5091cd,ffd520,https://a.espncdn.com/i/teamlogos/wnba/500/chi.png,58
401856947,2026,2,2026-05-29,2026-05-29T23:30:00Z,19,s:40~l:59~t:19,chicago-sky,Chicago,Sky,CHI,Chicago Sky,Sky,5091cd,ffd520,https://a.espncdn.com/i/teamlogos/wnba/500/chi.png,home,58,False,15,6,32,2,29,20,70,0,19,72,13,18,2,3,3,9,26,6,1,0,17,5,30,41,0,18,19,17,8,s:40~l:59~t:8,minnesota-lynx,Minnesota,Lynx,MIN,Minnesota Lynx,Lynx,266092,79bc43,https://a.espncdn.com/i/teamlogos/wnba/500/min.png,79
401856944,2026,2,2026-05-28,2026-05-29T02:00:00Z,5,s:40~l:59~t:5,indiana-fever,Indiana,Fever,IND,Indiana Fever,Fever,002d62,e03a3e,https://a.espncdn.com/i/teamlogos/wnba/500/ind.png,away,88,False,22,5,27,12,41,30,73,0,25,90,19,21,7,9,15,7,40,7,0,0,32,9,28,34,0,11,8,11,129689,s:40~l:59~t:129689,golden-state-valkyries,Golden State,Valkyries,GS,Golden State Valkyries,Valkyries,b38fcf,000000,https://a.espncdn.com/i/teamlogos/wnba/500/gs.png,90
401856944,2026,2,2026-05-28,2026-05-29T02:00:00Z,129689,s:40~l:59~t:129689,golden-state-valkyries,Golden State,Valkyries,GS,Golden State Valkyries,Valkyries,b38fcf,000000,https://a.espncdn.com/i/teamlogos/wnba/500/gs.png,home,90,True,24,11,29,11,46,31,68,0,21,71,20,28,11,9,69,8,42,5,0,0,38,8,21,37,0,11,15,11,5,s:40~l:59~t:5,indiana-fever,Indiana,Fever,IND,Indiana Fever,Fever,002d62,e03a3e,https://a.espncdn.com/i/teamlogos/wnba/500/ind.png,88
401856943,2026,2,2026-05-28,2026-05-29T00:00:00Z,17,s:40~l:59~t:17,las-vegas-aces,Las Vegas,Aces,LV,Las Vegas Aces,Aces,a7a8aa,000000,https://a.espncdn.com/i/teamlogos/wnba/500/lv.png,away,87,False,21,3,25,7,44,36,82,0,15,58,7,12,13,6,57,8,48,5,0,1,40,8,20,33,1,5,7,5,3,s:40~l:59~t:3,dallas-wings,Dallas,Wings,DAL,Dallas Wings,Wings,002b5c,c4d600,https://a.espncdn.com/i/teamlogos/wnba/500/dal.png,95
401856943,2026,2,2026-05-28,2026-05-29T00:00:00Z,3,s:40~l:59~t:3,dallas-wings,Dallas,Wings,DAL,Dallas Wings,Wings,002b5c,c4d600,https://a.espncdn.com/i/teamlogos/wnba/500/dal.png,home,95,True,23,5,31,4,49,33,67,1,16,86,19,22,12,6,32,8,38,1,0,1,45,10,22,39,1,10,12,10,17,s:40~l:59~t:17,las-vegas-aces,Las Vegas,Aces,LV,Las Vegas Aces,Aces,a7a8aa,000000,https://a.espncdn.com/i/teamlogos/wnba/500/lv.png,87
401856941,2026,2,2026-05-27,2026-05-28T02:00:00Z,18,s:40~l:59~t:18,connecticut-sun,Connecticut,Sun,CON,Connecticut Sun,Sun,f05023,0a2240,https://a.espncdn.com/i/teamlogos/wnba/500/con.png,away,61,False,17,3,19,10,39,24,62,0,22,55,12,22,5,13,21,14,38,9,5,1,5,1,21,33,1,22,28,17,132052,s:40~l:59~t:132052,portland-fire,Portland,Fire,POR,Portland Fire,Fire,cee5eb,000000,https://a.espncdn.com/i/teamlogos/wnba/500/por.png,71
401856941,2026,2,2026-05-27,2026-05-28T02:00:00Z,132052,s:40~l:59~t:132052,portland-fire,Portland,Fire,POR,Portland Fire,Fire,cee5eb,000000,https://a.espncdn.com/i/teamlogos/wnba/500/por.png,home,71,True,16,3,20,6,46,24,52,1,21,67,16,24,11,13,74,6,32,10,2,0,32,7,22,26,0,21,19,19,18,s:40~l:59~t:18,connecticut-sun,Connecticut,Sun,CON,Connecticut Sun,Sun,f05023,0a2240,https://a.espncdn.com/i/teamlogos/wnba/500/con.png,61
401856942,2026,2,2026-05-27,2026-05-28T02:00:00Z,16,s:40~l:59~t:16,washington-mystics,Washington,Mystics,WSH,Washington Mystics,Mystics,e03a3e,002b5c,https://a.espncdn.com/i/teamlogos/wnba/500/wsh.png,away,78,True,19,2,27,2,42,28,66,0,22,94,15,16,25,0,99,13,36,4,0,1,33,7,21,40,1,12,8,12,14,s:40~l:59~t:14,seattle-storm,Seattle,Storm,SEA,Seattle Storm,Storm,2c5235,fee11a,https://a.espncdn.com/i/teamlogos/wnba/500/sea.png,64
401856942,2026,2,2026-05-27,2026-05-28T02:00:00Z,14,s:40~l:59~t:14,seattle-storm,Seattle,Storm,SEA,Seattle Storm,Storm,2c5235,fee11a,https://a.espncdn.com/i/teamlogos/wnba/500/sea.png,home,64,False,14,3,19,6,35,22,63,0,21,79,15,19,0,0,0,12,34,7,1,0,22,5,23,31,0,12,15,11,16,s:40~l:59~t:16,washington-mystics,Washington,Mystics,WSH,Washington Mystics,Mystics,e03a3e,002b5c,https://a.espncdn.com/i/teamlogos/wnba/500/wsh.png,78
401856940,2026,2,2026-05-27,2026-05-28T01:00:00Z,20,s:40~l:59~t:20,atlanta-dream,Atlanta,Dream,ATL,Atlanta Dream,Dream,e31837,5091cc,https://a.espncdn.com/i/teamlogos/wnba/500/atl.png,away,81,False,23,2,17,4,45,29,65,1,10,75,12,16,0,0,0,10,36,5,2,0,35,11,31,27,0,18,33,16,8,s:40~l:59~t:8,minnesota-lynx,Minnesota,Lynx,MIN,Minnesota Lynx,Lynx,266092,79bc43,https://a.espncdn.com/i/teamlogos/wnba/500/min.png,96
401856940,2026,2,2026-05-27,2026-05-28T01:00:00Z,8,s:40~l:59~t:8,minnesota-lynx,Minnesota,Lynx,MIN,Minnesota Lynx,Lynx,266092,79bc43,https://a.espncdn.com/i/teamlogos/wnba/500/min.png,home,96,True,26,2,19,6,60,40,67,0,16,90,9,10,19,0,97,5,52,10,0,0,37,7,19,24,0,14,18,14,20,s:40~l:59~t:20,atlanta-dream,Atlanta,Dream,ATL,Atlanta Dream,Dream,e31837,5091cc,https://a.espncdn.com/i/teamlogos/wnba/500/atl.png,81
401856939,2026,2,2026-05-27,2026-05-28T00:00:00Z,131935,s:40~l:59~t:131935,toronto-tempo,Toronto,Tempo,TOR,Toronto Tempo,Tempo,33476D,7B1B38,https://a.espncdn.com/i/teamlogos/wnba/500/tor.png,away,111,True,22,4,27,0,56,37,66,1,25,83,25,30,14,3,80,10,44,6,1,0,46,12,26,37,0,14,18,13,19,s:40~l:59~t:19,chicago-sky,Chicago,Sky,CHI,Chicago Sky,Sky,5091cd,ffd520,https://a.espncdn.com/i/teamlogos/wnba/500/chi.png,104
401856939,2026,2,2026-05-27,2026-05-28T00:00:00Z,19,s:40~l:59~t:19,chicago-sky,Chicago,Sky,CHI,Chicago Sky,Sky,5091cd,ffd520,https://a.espncdn.com/i/teamlogos/wnba/500/chi.png,home,104,False,31,3,18,15,48,36,75,0,24,86,25,29,7,3,16,9,54,7,0,0,23,7,31,27,0,9,12,9,131935,s:40~l:59~t:131935,toronto-tempo,Toronto,Tempo,TOR,Toronto Tempo,Tempo,33476D,7B1B38,https://a.espncdn.com/i/teamlogos/wnba/500/tor.png,111
401856938,2026,2,2026-05-27,2026-05-27T23:00:00Z,11,s:40~l:59~t:11,phoenix-mercury,Phoenix,Mercury,PHX,Phoenix Mercury,Mercury,3c286e,fa4b0a,https://a.espncdn.com/i/teamlogos/wnba/500/phx.png,away,74,False,19,5,25,2,42,25,59,0,21,64,14,22,8,6,23,7,28,7,1,0,33,10,30,32,0,17,26,16,9,s:40~l:59~t:9,new-york-liberty,New York,Liberty,NY,New York Liberty,Liberty,86cebc,000000,https://a.espncdn.com/i/teamlogos/wnba/500/ny.png,84
401856938,2026,2,2026-05-27,2026-05-27T23:00:00Z,9,s:40~l:59~t:9,new-york-liberty,New York,Liberty,NY,New York Liberty,Liberty,86cebc,000000,https://a.espncdn.com/i/teamlogos/wnba/500/ny.png,home,84,True,19,2,26,4,42,28,67,0,20,100,14,14,17,6,68,6,20,9,2,1,47,14,30,32,1,13,9,11,11,s:40~l:59~t:11,phoenix-mercury,Phoenix,Mercury,PHX,Phoenix Mercury,Mercury,3c286e,fa4b0a,https://a.espncdn.com/i/teamlogos/wnba/500/phx.png,74
401856937,2026,2,2026-05-25,2026-05-26T02:00:00Z,18,s:40~l:59~t:18,connecticut-sun,Connecticut,Sun,CON,Connecticut Sun,Sun,f05023,0a2240,https://a.espncdn.com/i/teamlogos/wnba/500/con.png,away,70,False,13,4,24,9,39,22,57,0,26,71,20,28,0,0,0,8,20,10,0,2,33,6,18,32,2,18,24,18,129689,s:40~l:59~t:129689,golden-state-valkyries,Golden State,Valkyries,GS,Golden State Valkyries,Valkyries,b38fcf,000000,https://a.espncdn.com/i/teamlogos/wnba/500/gs.png,97
401856937,2026,2,2026-05-25,2026-05-26T02:00:00Z,129689,s:40~l:59~t:129689,golden-state-valkyries,Golden State,Valkyries,GS,Golden State Valkyries,Valkyries,b38fcf,000000,https://a.espncdn.com/i/teamlogos/wnba/500/gs.png,home,97,True,24,2,24,1,47,34,73,0,25,70,16,23,34,0,99,11,34,7,0,0,39,13,33,35,0,12,11,12,18,s:40~l:59~t:18,connecticut-sun,Connecticut,Sun,CON,Connecticut Sun,Sun,f05023,0a2240,https://a.espncdn.com/i/teamlogos/wnba/500/con.png,70
401856936,2026,2,2026-05-25,2026-05-26T00:00:00Z,132052,s:40~l:59~t:132052,portland-fire,Portland,Fire,POR,Portland Fire,Fire,cee5eb,000000,https://a.espncdn.com/i/teamlogos/wnba/500/por.png,away,81,True,18,6,21,12,41,31,75,0,22,71,10,14,7,5,50,8,36,12,2,0,35,9,26,29,0,14,15,12,9,s:40~l:59~t:9,new-york-liberty,New York,Liberty,NY,New York Liberty,Liberty,86cebc,000000,https://a.espncdn.com/i/teamlogos/wnba/500/ny.png,74
401856936,2026,2,2026-05-25,2026-05-26T00:00:00Z,9,s:40~l:59~t:9,new-york-liberty,New York,Liberty,NY,New York Liberty,Liberty,86cebc,000000,https://a.espncdn.com/i/teamlogos/wnba/500/ny.png,home,74,False,17,8,23,4,40,21,52,0,20,92,24,26,10,5,45,4,26,8,0,1,33,8,24,27,1,19,23,19,132052,s:40~l:59~t:132052,portland-fire,Portland,Fire,POR,Portland Fire,Fire,cee5eb,000000,https://a.espncdn.com/i/teamlogos/wnba/500/por.png,81
401856935,2026,2,2026-05-24,2026-05-24T22:00:00Z,16,s:40~l:59~t:16,washington-mystics,Washington,Mystics,WSH,Washington Mystics,Mystics,e03a3e,002b5c,https://a.espncdn.com/i/teamlogos/wnba/500/wsh.png,away,85,False,14,5,20,12,40,23,57,0,26,85,35,41,7,1,23,6,36,9,1,0,20,4,20,26,0,14,15,13,14,s:40~l:59~t:14,seattle-storm,Seattle,Storm,SEA,Seattle Storm,Storm,2c5235,fee11a,https://a.espncdn.com/i/teamlogos/wnba/500/sea.png,97
401856935,2026,2,2026-05-24,2026-05-24T22:00:00Z,14,s:40~l:59~t:14,seattle-storm,Seattle,Storm,SEA,Seattle Storm,Storm,2c5235,fee11a,https://a.espncdn.com/i/teamlogos/wnba/500/sea.png,home,97,True,20,3,21,5,44,26,59,0,28,94,32,34,26,1,74,3,18,10,1,0,46,13,28,24,0,15,18,14,16,s:40~l:59~t:16,washington-mystics,Washington,Mystics,WSH,Washington Mystics,Mystics,e03a3e,002b5c,https://a.espncdn.com/i/teamlogos/wnba/500/wsh.png,85
401856934,2026,2,2026-05-24,2026-05-24T19:30:00Z,3,s:40~l:59~t:3,dallas-wings,Dallas,Wings,DAL,Dallas Wings,Wings,002b5c,c4d600,https://a.espncdn.com/i/teamlogos/wnba/500/dal.png,away,91,True,22,5,28,17,46,30,65,0,16,84,16,19,16,1,45,6,20,6,3,0,43,15,35,34,0,11,15,8,9,s:40~l:59~t:9,new-york-liberty,New York,Liberty,NY,New York Liberty,Liberty,86cebc,000000,https://a.espncdn.com/i/teamlogos/wnba/500/ny.png,76
401856934,2026,2,2026-05-24,2026-05-24T19:30:00Z,9,s:40~l:59~t:9,new-york-liberty,New York,Liberty,NY,New York Liberty,Liberty,86cebc,000000,https://a.espncdn.com/i/teamlogos/wnba/500/ny.png,home,76,False,21,0,24,10,39,28,72,0,18,86,12,14,9,1,54,10,40,4,2,0,31,8,26,34,0,11,6,9,3,s:40~l:59~t:3,dallas-wings,Dallas,Wings,DAL,Dallas Wings,Wings,002b5c,c4d600,https://a.espncdn.com/i/teamlogos/wnba/500/dal.png,91
401856933,2026,2,2026-05-24,2026-05-24T19:00:00Z,11,s:40~l:59~t:11,phoenix-mercury,Phoenix,Mercury,PHX,Phoenix Mercury,Mercury,3c286e,fa4b0a,https://a.espncdn.com/i/teamlogos/wnba/500/phx.png,away,80,False,14,6,27,6,44,29,66,0,19,95,18,19,15,3,95,9,42,8,0,2,19,4,21,36,2,15,15,15,20,s:40~l:59~t:20,atlanta-dream,Atlanta,Dream,ATL,Atlanta Dream,Dream,e31837,5091cc,https://a.espncdn.com/i/teamlogos/wnba/500/atl.png,82
401856933,2026,2,2026-05-24,2026-05-24T19:00:00Z,20,s:40~l:59~t:20,atlanta-dream,Atlanta,Dream,ATL,Atlanta Dream,Dream,e31837,5091cc,https://a.espncdn.com/i/teamlogos/wnba/500/atl.png,home,82,True,22,3,26,21,44,30,68,2,16,52,11,21,4,3,3,12,38,9,0,2,42,11,26,38,2,14,12,14,11,s:40~l:59~t:11,phoenix-mercury,Phoenix,Mercury,PHX,Phoenix Mercury,Mercury,3c286e,fa4b0a,https://a.espncdn.com/i/teamlogos/wnba/500/phx.png,80
401856932,2026,2,2026-05-23,2026-05-24T00:00:00Z,6,s:40~l:59~t:6,los-angeles-sparks,Los Angeles,Sparks,LA,Los Angeles Sparks,Sparks,552583,fdb927,https://a.espncdn.com/i/teamlogos/wnba/500/la.png,away,101,True,26,1,26,12,55,37,67,0,24,87,13,15,7,19,50,4,36,8,0,0,48,14,29,30,0,17,17,17,17,s:40~l:59~t:17,las-vegas-aces,Las Vegas,Aces,LV,Las Vegas Aces,Aces,a7a8aa,000000,https://a.espncdn.com/i/teamlogos/wnba/500/lv.png,95
401856932,2026,2,2026-05-23,2026-05-24T00:00:00Z,17,s:40~l:59~t:17,las-vegas-aces,Las Vegas,Aces,LV,Las Vegas Aces,Aces,a7a8aa,000000,https://a.espncdn.com/i/teamlogos/wnba/500/lv.png,home,95,False,21,9,23,7,45,34,76,0,20,81,17,21,9,19,37,13,40,6,0,0,34,10,29,36,0,14,8,14,6,s:40~l:59~t:6,los-angeles-sparks,Los Angeles,Sparks,LA,Los Angeles Sparks,Sparks,552583,fdb927,https://a.espncdn.com/i/teamlogos/wnba/500/la.png,101
401856931,2026,2,2026-05-23,2026-05-23T22:00:00Z,132052,s:40~l:59~t:132052,portland-fire,Portland,Fire,POR,Portland Fire,Fire,cee5eb,000000,https://a.espncdn.com/i/teamlogos/wnba/500/por.png,away,99,True,24,7,23,7,50,35,70,0,22,86,18,21,23,11,60,10,44,7,0,0,48,11,23,33,0,14,13,14,131935,s:40~l:59~t:131935,toronto-tempo,Toronto,Tempo,TOR,Toronto Tempo,Tempo,33476D,7B1B38,https://a.espncdn.com/i/teamlogos/wnba/500/tor.png,80
401856931,2026,2,2026-05-23,2026-05-23T22:00:00Z,131935,s:40~l:59~t:131935,toronto-tempo,Toronto,Tempo,TOR,Toronto Tempo,Tempo,33476D,7B1B38,https://a.espncdn.com/i/teamlogos/wnba/500/tor.png,home,80,False,19,4,19,16,45,30,66,0,21,78,14,18,9,11,26,10,42,3,0,0,24,6,25,29,0,17,28,17,132052,s:40~l:59~t:132052,portland-fire,Portland,Fire,POR,Portland Fire,Fire,cee5eb,000000,https://a.espncdn.com/i/teamlogos/wnba/500/por.png,99
401856930,2026,2,2026-05-23,2026-05-23T17:00:00Z,8,s:40~l:59~t:8,minnesota-lynx,Minnesota,Lynx,MIN,Minnesota Lynx,Lynx,266092,79bc43,https://a.espncdn.com/i/teamlogos/wnba/500/min.png,away,85,True,19,7,41,6,43,32,74,1,24,81,17,21,16,3,91,13,42,7,5,1,25,4,16,54,1,24,29,19,19,s:40~l:59~t:19,chicago-sky,Chicago,Sky,CHI,Chicago Sky,Sky,5091cd,ffd520,https://a.espncdn.com/i/teamlogos/wnba/500/chi.png,75
401856930,2026,2,2026-05-23,2026-05-23T17:00:00Z,19,s:40~l:59~t:19,chicago-sky,Chicago,Sky,CHI,Chicago Sky,Sky,5091cd,ffd520,https://a.espncdn.com/i/teamlogos/wnba/500/chi.png,home,75,False,14,2,21,13,32,23,73,0,22,77,23,30,6,3,5,7,30,11,0,2,21,6,29,28,2,11,6,11,8,s:40~l:59~t:8,minnesota-lynx,Minnesota,Lynx,MIN,Minnesota Lynx,Lynx,266092,79bc43,https://a.espncdn.com/i/teamlogos/wnba/500/min.png,85
401856929,2026,2,2026-05-22,2026-05-23T02:00:00Z,18,s:40~l:59~t:18,connecticut-sun,Connecticut,Sun,CON,Connecticut Sun,Sun,f05023,0a2240,https://a.espncdn.com/i/teamlogos/wnba/500/con.png,away,59,False,15,3,25,12,37,23,62,0,18,64,9,14,8,1,30,8,32,9,3,0,24,4,17,33,0,15,16,12,14,s:40~l:59~t:14,seattle-storm,Seattle,Storm,SEA,Seattle Storm,Storm,2c5235,fee11a,https://a.espncdn.com/i/teamlogos/wnba/500/sea.png,77
401856929,2026,2,2026-05-22,2026-05-23T02:00:00Z,14,s:40~l:59~t:14,seattle-storm,Seattle,Storm,SEA,Seattle Storm,Storm,2c5235,fee11a,https://a.espncdn.com/i/teamlogos/wnba/500/sea.png,home,77,True,22,7,32,7,47,28,60,0,18,76,13,17,21,1,66,6,38,7,0,0,38,8,21,38,0,15,12,15,18,s:40~l:59~t:18,connecticut-sun,Connecticut,Sun,CON,Connecticut Sun,Sun,f05023,0a2240,https://a.espncdn.com/i/teamlogos/wnba/500/con.png,59
401856927,2026,2,2026-05-22,2026-05-22T23:30:00Z,3,s:40~l:59~t:3,dallas-wings,Dallas,Wings,DAL,Dallas Wings,Wings,002b5c,c4d600,https://a.espncdn.com/i/teamlogos/wnba/500/dal.png,away,69,False,21,8,16,17,38,28,74,0,18,50,6,12,1,2,1,10,42,9,1,1,25,7,28,26,1,15,18,14,20,s:40~l:59~t:20,atlanta-dream,Atlanta,Dream,ATL,Atlanta Dream,Dream,e31837,5091cc,https://a.espncdn.com/i/teamlogos/wnba/500/atl.png,86
401856927,2026,2,2026-05-22,2026-05-22T23:30:00Z,20,s:40~l:59~t:20,atlanta-dream,Atlanta,Dream,ATL,Atlanta Dream,Dream,e31837,5091cc,https://a.espncdn.com/i/teamlogos/wnba/500/atl.png,home,86,True,22,4,30,5,55,34,62,0,12,92,12,13,19,2,99,5,54,6,1,0,40,6,15,35,0,18,25,17,3,s:40~l:59~t:3,dallas-wings,Dallas,Wings,DAL,Dallas Wings,Wings,002b5c,c4d600,https://a.espncdn.com/i/teamlogos/wnba/500/dal.png,69
401856928,2026,2,2026-05-22,2026-05-22T23:30:00Z,129689,s:40~l:59~t:129689,golden-state-valkyries,Golden State,Valkyries,GS,Golden State Valkyries,Valkyries,b38fcf,000000,https://a.espncdn.com/i/teamlogos/wnba/500/gs.png,away,82,False,11,3,18,4,37,26,70,0,24,85,23,27,8,12,42,10,30,9,0,2,32,7,22,28,2,14,9,14,5,s:40~l:59~t:5,indiana-fever,Indiana,Fever,IND,Indiana Fever,Fever,002d62,e03a3e,https://a.espncdn.com/i/teamlogos/wnba/500/ind.png,90
401856928,2026,2,2026-05-22,2026-05-22T23:30:00Z,5,s:40~l:59~t:5,indiana-fever,Indiana,Fever,IND,Indiana Fever,Fever,002d62,e03a3e,https://a.espncdn.com/i/teamlogos/wnba/500/ind.png,home,90,True,22,2,26,6,46,29,63,1,26,76,22,29,10,12,53,8,28,7,1,2,38,10,26,34,2,19,14,18,129689,s:40~l:59~t:129689,golden-state-valkyries,Golden State,Valkyries,GS,Golden State Valkyries,Valkyries,b38fcf,000000,https://a.espncdn.com/i/teamlogos/wnba/500/gs.png,82
401856926,2026,2,2026-05-21,2026-05-22T02:00:00Z,6,s:40~l:59~t:6,los-angeles-sparks,Los Angeles,Sparks,LA,Los Angeles Sparks,Sparks,552583,fdb927,https://a.espncdn.com/i/teamlogos/wnba/500/la.png,away,97,True,23,4,24,5,48,31,64,0,25,91,20,22,21,11,91,7,26,8,0,0,47,15,32,31,0,17,18,17,11,s:40~l:59~t:11,phoenix-mercury,Phoenix,Mercury,PHX,Phoenix Mercury,Mercury,3c286e,fa4b0a,https://a.espncdn.com/i/teamlogos/wnba/500/phx.png,88
401856926,2026,2,2026-05-21,2026-05-22T02:00:00Z,11,s:40~l:59~t:11,phoenix-mercury,Phoenix,Mercury,PHX,Phoenix Mercury,Mercury,3c286e,fa4b0a,https://a.espncdn.com/i/teamlogos/wnba/500/phx.png,home,88,False,17,2,22,9,42,29,69,1,24,76,22,29,2,11,7,11,40,9,0,1,32,8,25,33,1,13,19,13,6,s:40~l:59~t:6,los-angeles-sparks,Los Angeles,Sparks,LA,Los Angeles Sparks,Sparks,552583,fdb927,https://a.espncdn.com/i/teamlogos/wnba/500/la.png,97
401856924,2026,2,2026-05-21,2026-05-22T00:00:00Z,129689,s:40~l:59~t:129689,golden-state-valkyries,Golden State,Valkyries,GS,Golden State Valkyries,Valkyries,b38fcf,000000,https://a.espncdn.com/i/teamlogos/wnba/500/gs.png,away,87,True,18,3,27,8,39,28,71,0,17,72,18,25,24,1,96,9,28,5,1,0,37,13,35,36,0,6,5,5,9,s:40~l:59~t:9,new-york-liberty,New York,Liberty,NY,New York Liberty,Liberty,86cebc,000000,https://a.espncdn.com/i/teamlogos/wnba/500/ny.png,70
401856924,2026,2,2026-05-21,2026-05-22T00:00:00Z,9,s:40~l:59~t:9,new-york-liberty,New York,Liberty,NY,New York Liberty,Liberty,86cebc,000000,https://a.espncdn.com/i/teamlogos/wnba/500/ny.png,home,70,False,20,4,31,4,42,26,62,0,22,75,12,16,3,1,1,6,36,2,1,1,25,6,24,37,1,15,17,14,129689,s:40~l:59~t:129689,golden-state-valkyries,Golden State,Valkyries,GS,Golden State Valkyries,Valkyries,b38fcf,000000,https://a.espncdn.com/i/teamlogos/wnba/500/gs.png,87
401856925,2026,2,2026-05-21,2026-05-22T00:00:00Z,131935,s:40~l:59~t:131935,toronto-tempo,Toronto,Tempo,TOR,Toronto Tempo,Tempo,33476D,7B1B38,https://a.espncdn.com/i/teamlogos/wnba/500/tor.png,away,72,False,19,3,16,10,34,24,71,0,23,86,12,14,0,0,0,9,24,5,0,0,29,12,41,25,0,13,12,13,8,s:40~l:59~t:8,minnesota-lynx,Minnesota,Lynx,MIN,Minnesota Lynx,Lynx,266092,79bc43,https://a.espncdn.com/i/teamlogos/wnba/500/min.png,100
401856925,2026,2,2026-05-21,2026-05-22T00:00:00Z,8,s:40~l:59~t:8,minnesota-lynx,Minnesota,Lynx,MIN,Minnesota Lynx,Lynx,266092,79bc43,https://a.espncdn.com/i/teamlogos/wnba/500/min.png,home,100,True,24,3,31,9,55,38,69,1,14,67,14,21,28,0,99,15,42,7,0,2,42,10,24,46,2,14,6,14,131935,s:40~l:59~t:131935,toronto-tempo,Toronto,Tempo,TOR,Toronto Tempo,Tempo,33476D,7B1B38,https://a.espncdn.com/i/teamlogos/wnba/500/tor.png,72
401856923,2026,2,2026-05-20,2026-05-21T02:00:00Z,18,s:40~l:59~t:18,connecticut-sun,Connecticut,Sun,CON,Connecticut Sun,Sun,f05023,0a2240,https://a.espncdn.com/i/teamlogos/wnba/500/con.png,away,80,True,14,3,27,14,44,32,72,1,19,65,11,17,8,10,77,11,50,10,2,1,25,5,20,38,1,13,11,11,14,s:40~l:59~t:14,seattle-storm,Seattle,Storm,SEA,Seattle Storm,Storm,2c5235,fee11a,https://a.espncdn.com/i/teamlogos/wnba/500/sea.png,78
401856923,2026,2,2026-05-20,2026-05-21T02:00:00Z,14,s:40~l:59~t:14,seattle-storm,Seattle,Storm,SEA,Seattle Storm,Storm,2c5235,fee11a,https://a.espncdn.com/i/teamlogos/wnba/500/sea.png,home,78,False,15,6,21,4,40,25,63,0,15,88,22,25,5,10,12,5,36,8,3,0,26,6,23,26,0,17,20,14,18,s:40~l:59~t:18,connecticut-sun,Connecticut,Sun,CON,Connecticut Sun,Sun,f05023,0a2240,https://a.espncdn.com/i/teamlogos/wnba/500/con.png,80
401856922,2026,2,2026-05-20,2026-05-21T01:00:00Z,3,s:40~l:59~t:3,dallas-wings,Dallas,Wings,DAL,Dallas Wings,Wings,002b5c,c4d600,https://a.espncdn.com/i/teamlogos/wnba/500/dal.png,away,99,True,28,1,27,6,50,36,72,0,20,78,18,23,12,4,48,9,38,5,1,1,43,9,21,36,1,9,15,8,19,s:40~l:59~t:19,chicago-sky,Chicago,Sky,CHI,Chicago Sky,Sky,5091cd,ffd520,https://a.espncdn.com/i/teamlogos/wnba/500/chi.png,89
401856922,2026,2,2026-05-20,2026-05-21T01:00:00Z,19,s:40~l:59~t:19,chicago-sky,Chicago,Sky,CHI,Chicago Sky,Sky,5091cd,ffd520,https://a.espncdn.com/i/teamlogos/wnba/500/chi.png,home,89,False,20,5,24,8,48,32,67,0,23,83,20,24,11,4,47,6,48,4,1,1,24,5,21,30,1,10,12,9,3,s:40~l:59~t:3,dallas-wings,Dallas,Wings,DAL,Dallas Wings,Wings,002b5c,c4d600,https://a.espncdn.com/i/teamlogos/wnba/500/dal.png,99
401856921,2026,2,2026-05-20,2026-05-20T23:00:00Z,132052,s:40~l:59~t:132052,portland-fire,Portland,Fire,POR,Portland Fire,Fire,cee5eb,000000,https://a.espncdn.com/i/teamlogos/wnba/500/por.png,away,73,False,9,3,25,6,44,27,62,1,26,94,16,17,0,0,0,3,46,8,2,0,19,3,16,28,0,14,20,12,5,s:40~l:59~t:5,indiana-fever,Indiana,Fever,IND,Indiana Fever,Fever,002d62,e03a3e,https://a.espncdn.com/i/teamlogos/wnba/500/ind.png,90
401856921,2026,2,2026-05-20,2026-05-20T23:00:00Z,5,s:40~l:59~t:5,indiana-fever,Indiana,Fever,IND,Indiana Fever,Fever,002d62,e03a3e,https://a.espncdn.com/i/teamlogos/wnba/500/ind.png,home,90,True,21,5,31,8,45,28,62,0,21,86,25,29,26,0,97,5,34,6,2,2,32,9,28,36,2,16,14,14,132052,s:40~l:59~t:132052,portland-fire,Portland,Fire,POR,Portland Fire,Fire,cee5eb,000000,https://a.espncdn.com/i/teamlogos/wnba/500/por.png,73
401856920,2026,2,2026-05-19,2026-05-20T02:00:00Z,131935,s:40~l:59~t:131935,toronto-tempo,Toronto,Tempo,TOR,Toronto Tempo,Tempo,33476D,7B1B38,https://a.espncdn.com/i/teamlogos/wnba/500/tor.png,away,98,True,15,2,27,7,46,34,74,0,26,83,15,18,8,24,39,8,26,4,1,1,42,15,36,35,1,12,11,11,11,s:40~l:59~t:11,phoenix-mercury,Phoenix,Mercury,PHX,Phoenix Mercury,Mercury,3c286e,fa4b0a,https://a.espncdn.com/i/teamlogos/wnba/500/phx.png,90
401856920,2026,2,2026-05-19,2026-05-20T02:00:00Z,11,s:40~l:59~t:11,phoenix-mercury,Phoenix,Mercury,PHX,Phoenix Mercury,Mercury,3c286e,fa4b0a,https://a.espncdn.com/i/teamlogos/wnba/500/phx.png,home,90,False,20,1,24,11,46,32,70,0,17,79,22,28,6,24,48,8,52,6,0,0,18,4,22,32,0,9,14,9,131935,s:40~l:59~t:131935,toronto-tempo,Toronto,Tempo,TOR,Toronto Tempo,Tempo,33476D,7B1B38,https://a.espncdn.com/i/teamlogos/wnba/500/tor.png,98
401856919,2026,2,2026-05-18,2026-05-19T02:00:00Z,18,s:40~l:59~t:18,connecticut-sun,Connecticut,Sun,CON,Connecticut Sun,Sun,f05023,0a2240,https://a.espncdn.com/i/teamlogos/wnba/500/con.png,away,82,False,23,6,22,10,51,32,63,0,25,55,11,20,7,14,60,10,36,9,1,0,35,7,20,32,0,18,27,17,132052,s:40~l:59~t:132052,portland-fire,Portland,Fire,POR,Portland Fire,Fire,cee5eb,000000,https://a.espncdn.com/i/teamlogos/wnba/500/por.png,83
401856919,2026,2,2026-05-18,2026-05-19T02:00:00Z,132052,s:40~l:59~t:132052,portland-fire,Portland,Fire,POR,Portland Fire,Fire,cee5eb,000000,https://a.espncdn.com/i/teamlogos/wnba/500/por.png,home,83,True,23,3,20,9,45,28,62,1,23,77,20,26,4,14,27,7,40,11,0,1,32,7,22,27,1,15,22,15,18,s:40~l:59~t:18,connecticut-sun,Connecticut,Sun,CON,Connecticut Sun,Sun,f05023,0a2240,https://a.espncdn.com/i/teamlogos/wnba/500/con.png,82
401856918,2026,2,2026-05-18,2026-05-19T00:00:00Z,16,s:40~l:59~t:16,washington-mystics,Washington,Mystics,WSH,Washington Mystics,Mystics,e03a3e,002b5c,https://a.espncdn.com/i/teamlogos/wnba/500/wsh.png,away,69,False,16,1,22,3,49,24,49,0,17,80,16,20,1,2,1,2,34,3,1,0,42,5,12,24,0,19,23,18,3,s:40~l:59~t:3,dallas-wings,Dallas,Wings,DAL,Dallas Wings,Wings,002b5c,c4d600,https://a.espncdn.com/i/teamlogos/wnba/500/dal.png,92
401856918,2026,2,2026-05-18,2026-05-19T00:00:00Z,3,s:40~l:59~t:3,dallas-wings,Dallas,Wings,DAL,Dallas Wings,Wings,002b5c,c4d600,https://a.espncdn.com/i/teamlogos/wnba/500/dal.png,home,92,True,30,1,20,13,47,33,70,0,20,88,15,17,25,2,97,11,36,10,1,0,46,11,24,31,0,9,11,8,16,s:40~l:59~t:16,washington-mystics,Washington,Mystics,WSH,Washington Mystics,Mystics,e03a3e,002b5c,https://a.espncdn.com/i/teamlogos/wnba/500/wsh.png,69
401856914,2026,2,2026-05-17,2026-05-17T23:00:00Z,19,s:40~l:59~t:19,chicago-sky,Chicago,Sky,CHI,Chicago Sky,Sky,5091cd,ffd520,https://a.espncdn.com/i/teamlogos/wnba/500/chi.png,away,86,True,17,4,30,12,45,30,67,0,16,80,20,25,11,6,56,9,40,7,1,1,30,6,20,39,1,15,15,14,8,s:40~l:59~t:8,minnesota-lynx,Minnesota,Lynx,MIN,Minnesota Lynx,Lynx,266092,79bc43,https://a.espncdn.com/i/teamlogos/wnba/500/min.png,79
401856914,2026,2,2026-05-17,2026-05-17T23:00:00Z,8,s:40~l:59~t:8,minnesota-lynx,Minnesota,Lynx,MIN,Minnesota Lynx,Lynx,266092,79bc43,https://a.espncdn.com/i/teamlogos/wnba/500/min.png,home,79,False,20,3,27,9,44,32,73,0,21,67,8,12,6,6,35,8,40,10,0,1,32,7,22,35,1,15,12,15,19,s:40~l:59~t:19,chicago-sky,Chicago,Sky,CHI,Chicago Sky,Sky,5091cd,ffd520,https://a.espncdn.com/i/teamlogos/wnba/500/chi.png,86
401856917,2026,2,2026-05-17,2026-05-17T23:00:00Z,131935,s:40~l:59~t:131935,toronto-tempo,Toronto,Tempo,TOR,Toronto Tempo,Tempo,33476D,7B1B38,https://a.espncdn.com/i/teamlogos/wnba/500/tor.png,away,106,True,17,3,16,8,48,29,61,0,27,93,39,42,17,5,88,9,38,8,0,1,38,9,24,25,1,12,8,12,6,s:40~l:59~t:6,los-angeles-sparks,Los Angeles,Sparks,LA,Los Angeles Sparks,Sparks,552583,fdb927,https://a.espncdn.com/i/teamlogos/wnba/500/la.png,96
401856917,2026,2,2026-05-17,2026-05-17T23:00:00Z,6,s:40~l:59~t:6,los-angeles-sparks,Los Angeles,Sparks,LA,Los Angeles Sparks,Sparks,552583,fdb927,https://a.espncdn.com/i/teamlogos/wnba/500/la.png,home,96,False,26,3,17,4,52,33,64,1,32,77,23,30,2,5,5,9,48,6,1,2,30,7,23,26,2,14,18,13,131935,s:40~l:59~t:131935,toronto-tempo,Toronto,Tempo,TOR,Toronto Tempo,Tempo,33476D,7B1B38,https://a.espncdn.com/i/teamlogos/wnba/500/tor.png,106
401856916,2026,2,2026-05-17,2026-05-17T22:00:00Z,14,s:40~l:59~t:14,seattle-storm,Seattle,Storm,SEA,Seattle Storm,Storm,2c5235,fee11a,https://a.espncdn.com/i/teamlogos/wnba/500/sea.png,away,78,False,17,8,21,6,35,25,71,0,22,81,22,27,1,2,2,3,30,9,0,0,26,6,23,24,0,8,14,8,5,s:40~l:59~t:5,indiana-fever,Indiana,Fever,IND,Indiana Fever,Fever,002d62,e03a3e,https://a.espncdn.com/i/teamlogos/wnba/500/ind.png,89
401856916,2026,2,2026-05-17,2026-05-17T22:00:00Z,5,s:40~l:59~t:5,indiana-fever,Indiana,Fever,IND,Indiana Fever,Fever,002d62,e03a3e,https://a.espncdn.com/i/teamlogos/wnba/500/ind.png,home,89,True,22,6,31,12,46,31,67,0,23,100,22,22,20,2,95,7,50,5,3,0,24,5,21,38,0,20,22,17,14,s:40~l:59~t:14,seattle-storm,Seattle,Storm,SEA,Seattle Storm,Storm,2c5235,fee11a,https://a.espncdn.com/i/teamlogos/wnba/500/sea.png,78
401856915,2026,2,2026-05-17,2026-05-17T17:30:00Z,17,s:40~l:59~t:17,las-vegas-aces,Las Vegas,Aces,LV,Las Vegas Aces,Aces,a7a8aa,000000,https://a.espncdn.com/i/teamlogos/wnba/500/lv.png,away,85,True,21,8,32,5,42,31,73,0,23,76,13,17,19,4,95,6,38,5,0,0,37,10,27,38,0,13,16,13,20,s:40~l:59~t:20,atlanta-dream,Atlanta,Dream,ATL,Atlanta Dream,Dream,e31837,5091cc,https://a.espncdn.com/i/teamlogos/wnba/500/atl.png,84
401856915,2026,2,2026-05-17,2026-05-17T17:30:00Z,20,s:40~l:59~t:20,atlanta-dream,Atlanta,Dream,ATL,Atlanta Dream,Dream,e31837,5091cc,https://a.espncdn.com/i/teamlogos/wnba/500/atl.png,home,84,False,15,5,34,11,37,27,73,0,23,68,25,37,2,4,2,11,42,9,0,0,22,5,23,45,0,13,10,13,17,s:40~l:59~t:17,las-vegas-aces,Las Vegas,Aces,LV,Las Vegas Aces,Aces,a7a8aa,000000,https://a.espncdn.com/i/teamlogos/wnba/500/lv.png,85
401856912,2026,2,2026-05-15,2026-05-16T02:00:00Z,131935,s:40~l:59~t:131935,toronto-tempo,Toronto,Tempo,TOR,Toronto Tempo,Tempo,33476D,7B1B38,https://a.espncdn.com/i/teamlogos/wnba/500/tor.png,away,95,False,22,4,16,11,44,31,70,0,24,95,21,22,0,0,0,10,30,13,1,0,36,12,33,26,0,14,20,13,6,s:40~l:59~t:6,los-angeles-sparks,Los Angeles,Sparks,LA,Los Angeles Sparks,Sparks,552583,fdb927,https://a.espncdn.com/i/teamlogos/wnba/500/la.png,99
401856912,2026,2,2026-05-15,2026-05-16T02:00:00Z,6,s:40~l:59~t:6,los-angeles-sparks,Los Angeles,Sparks,LA,Los Angeles Sparks,Sparks,552583,fdb927,https://a.espncdn.com/i/teamlogos/wnba/500/la.png,home,99,True,26,1,22,6,64,37,58,1,18,80,16,20,20,0,99,2,54,6,0,3,43,9,21,24,3,16,19,16,131935,s:40~l:59~t:131935,toronto-tempo,Toronto,Tempo,TOR,Toronto Tempo,Tempo,33476D,7B1B38,https://a.espncdn.com/i/teamlogos/wnba/500/tor.png,95
401856913,2026,2,2026-05-15,2026-05-16T02:00:00Z,19,s:40~l:59~t:19,chicago-sky,Chicago,Sky,CHI,Chicago Sky,Sky,5091cd,ffd520,https://a.espncdn.com/i/teamlogos/wnba/500/chi.png,away,83,False,16,7,21,12,43,29,68,1,30,73,19,26,2,4,3,6,38,5,2,0,27,6,22,27,0,13,15,11,11,s:40~l:59~t:11,phoenix-mercury,Phoenix,Mercury,PHX,Phoenix Mercury,Mercury,3c286e,fa4b0a,https://a.espncdn.com/i/teamlogos/wnba/500/phx.png,91
401856913,2026,2,2026-05-15,2026-05-16T02:00:00Z,11,s:40~l:59~t:11,phoenix-mercury,Phoenix,Mercury,PHX,Phoenix Mercury,Mercury,3c286e,fa4b0a,https://a.espncdn.com/i/teamlogos/wnba/500/phx.png,home,91,True,12,7,30,14,39,24,62,0,22,90,37,41,17,4,91,10,32,5,0,1,29,6,21,40,1,15,19,15,19,s:40~l:59~t:19,chicago-sky,Chicago,Sky,CHI,Chicago Sky,Sky,5091cd,ffd520,https://a.espncdn.com/i/teamlogos/wnba/500/chi.png,83
401856910,2026,2,2026-05-15,2026-05-15T23:30:00Z,17,s:40~l:59~t:17,las-vegas-aces,Las Vegas,Aces,LV,Las Vegas Aces,Aces,a7a8aa,000000,https://a.espncdn.com/i/teamlogos/wnba/500/lv.png,away,101,True,24,6,25,12,60,35,58,0,18,78,25,32,15,0,99,3,54,6,1,1,46,6,13,28,1,18,18,17,18,s:40~l:59~t:18,connecticut-sun,Connecticut,Sun,CON,Connecticut Sun,Sun,f05023,0a2240,https://a.espncdn.com/i/teamlogos/wnba/500/con.png,94
401856910,2026,2,2026-05-15,2026-05-15T23:30:00Z,18,s:40~l:59~t:18,connecticut-sun,Connecticut,Sun,CON,Connecticut Sun,Sun,f05023,0a2240,https://a.espncdn.com/i/teamlogos/wnba/500/con.png,home,94,False,24,2,21,12,44,36,81,0,25,87,13,15,0,0,0,11,44,11,0,0,36,9,25,32,0,13,15,13,17,s:40~l:59~t:17,las-vegas-aces,Las Vegas,Aces,LV,Las Vegas Aces,Aces,a7a8aa,000000,https://a.espncdn.com/i/teamlogos/wnba/500/lv.png,101
401856911,2026,2,2026-05-15,2026-05-15T23:30:00Z,16,s:40~l:59~t:16,washington-mystics,Washington,Mystics,WSH,Washington Mystics,Mystics,e03a3e,002b5c,https://a.espncdn.com/i/teamlogos/wnba/500/wsh.png,away,104,True,18,8,36,9,56,38,68,0,28,79,22,28,14,10,69,8,58,3,1,1,38,6,16,44,1,21,27,20,5,s:40~l:59~t:5,indiana-fever,Indiana,Fever,IND,Indiana Fever,Fever,002d62,e03a3e,https://a.espncdn.com/i/teamlogos/wnba/500/ind.png,102
401856911,2026,2,2026-05-15,2026-05-15T23:30:00Z,5,s:40~l:59~t:5,indiana-fever,Indiana,Fever,IND,Indiana Fever,Fever,002d62,e03a3e,https://a.espncdn.com/i/teamlogos/wnba/500/ind.png,home,102,False,23,4,18,13,39,36,92,0,25,68,13,19,13,10,28,11,28,13,0,0,40,17,42,29,0,11,15,11,16,s:40~l:59~t:16,washington-mystics,Washington,Mystics,WSH,Washington Mystics,Mystics,e03a3e,002b5c,https://a.espncdn.com/i/teamlogos/wnba/500/wsh.png,104
401856909,2026,2,2026-05-14,2026-05-15T02:00:00Z,9,s:40~l:59~t:9,new-york-liberty,New York,Liberty,NY,New York Liberty,Liberty,86cebc,000000,https://a.espncdn.com/i/teamlogos/wnba/500/ny.png,away,100,True,32,0,28,11,51,34,67,0,19,85,17,20,22,9,70,4,38,7,0,0,39,15,38,32,0,12,13,12,132052,s:40~l:59~t:132052,portland-fire,Portland,Fire,POR,Portland Fire,Fire,cee5eb,000000,https://a.espncdn.com/i/teamlogos/wnba/500/por.png,82
401856909,2026,2,2026-05-14,2026-05-15T02:00:00Z,132052,s:40~l:59~t:132052,portland-fire,Portland,Fire,POR,Portland Fire,Fire,cee5eb,000000,https://a.espncdn.com/i/teamlogos/wnba/500/por.png,home,82,False,22,2,23,4,44,30,68,0,22,65,13,20,9,9,25,7,42,7,1,0,29,9,31,30,0,16,9,15,9,s:40~l:59~t:9,new-york-liberty,New York,Liberty,NY,New York Liberty,Liberty,86cebc,000000,https://a.espncdn.com/i/teamlogos/wnba/500/ny.png,100
401856908,2026,2,2026-05-14,2026-05-15T00:00:00Z,8,s:40~l:59~t:8,minnesota-lynx,Minnesota,Lynx,MIN,Minnesota Lynx,Lynx,266092,79bc43,https://a.espncdn.com/i/teamlogos/wnba/500/min.png,away,90,True,20,7,25,9,60,35,58,0,19,78,14,18,4,7,10,6,48,6,1,1,46,6,13,31,1,17,15,16,3,s:40~l:59~t:3,dallas-wings,Dallas,Wings,DAL,Dallas Wings,Wings,002b5c,c4d600,https://a.espncdn.com/i/teamlogos/wnba/500/dal.png,86
401856908,2026,2,2026-05-14,2026-05-15T00:00:00Z,3,s:40~l:59~t:3,dallas-wings,Dallas,Wings,DAL,Dallas Wings,Wings,002b5c,c4d600,https://a.espncdn.com/i/teamlogos/wnba/500/dal.png,home,86,False,22,3,17,12,46,31,67,0,18,86,19,22,12,7,83,9,40,9,2,0,29,5,17,26,0,13,19,11,8,s:40~l:59~t:8,minnesota-lynx,Minnesota,Lynx,MIN,Minnesota Lynx,Lynx,266092,79bc43,https://a.espncdn.com/i/teamlogos/wnba/500/min.png,90
401856907,2026,2,2026-05-13,2026-05-14T02:30:00Z,5,s:40~l:59~t:5,indiana-fever,Indiana,Fever,IND,Indiana Fever,Fever,002d62,e03a3e,https://a.espncdn.com/i/teamlogos/wnba/500/ind.png,away,87,True,23,3,25,2,49,31,63,0,24,84,16,19,21,3,96,8,36,7,1,2,30,9,30,33,2,17,14,16,6,s:40~l:59~t:6,los-angeles-sparks,Los Angeles,Sparks,LA,Los Angeles Sparks,Sparks,552583,fdb927,https://a.espncdn.com/i/teamlogos/wnba/500/la.png,78
401856907,2026,2,2026-05-13,2026-05-14T02:30:00Z,6,s:40~l:59~t:6,los-angeles-sparks,Los Angeles,Sparks,LA,Los Angeles Sparks,Sparks,552583,fdb927,https://a.espncdn.com/i/teamlogos/wnba/500/la.png,home,78,False,13,4,20,11,49,28,57,0,24,80,20,25,2,3,2,4,46,12,0,0,13,2,15,24,0,19,24,19,5,s:40~l:59~t:5,indiana-fever,Indiana,Fever,IND,Indiana Fever,Fever,002d62,e03a3e,https://a.espncdn.com/i/teamlogos/wnba/500/ind.png,87
401856906,2026,2,2026-05-13,2026-05-14T02:00:00Z,19,s:40~l:59~t:19,chicago-sky,Chicago,Sky,CHI,Chicago Sky,Sky,5091cd,ffd520,https://a.espncdn.com/i/teamlogos/wnba/500/chi.png,away,69,True,19,8,31,10,36,25,69,0,19,62,13,21,8,1,35,8,32,7,1,0,30,6,20,39,0,9,8,8,129689,s:40~l:59~t:129689,golden-state-valkyries,Golden State,Valkyries,GS,Golden State Valkyries,Valkyries,b38fcf,000000,https://a.espncdn.com/i/teamlogos/wnba/500/gs.png,63
401856906,2026,2,2026-05-13,2026-05-14T02:00:00Z,129689,s:40~l:59~t:129689,golden-state-valkyries,Golden State,Valkyries,GS,Golden State Valkyries,Valkyries,b38fcf,000000,https://a.espncdn.com/i/teamlogos/wnba/500/gs.png,home,63,False,10,9,28,8,29,22,75,0,19,75,12,16,12,1,58,14,28,3,0,0,27,7,26,42,0,11,10,11,19,s:40~l:59~t:19,chicago-sky,Chicago,Sky,CHI,Chicago Sky,Sky,5091cd,ffd520,https://a.espncdn.com/i/teamlogos/wnba/500/chi.png,69
401856905,2026,2,2026-05-13,2026-05-14T00:00:00Z,17,s:40~l:59~t:17,las-vegas-aces,Las Vegas,Aces,LV,Las Vegas Aces,Aces,a7a8aa,000000,https://a.espncdn.com/i/teamlogos/wnba/500/lv.png,away,98,True,21,6,34,18,54,39,72,0,19,71,15,21,36,2,94,12,58,9,1,0,31,5,16,46,0,16,10,15,18,s:40~l:59~t:18,connecticut-sun,Connecticut,Sun,CON,Connecticut Sun,Sun,f05023,0a2240,https://a.espncdn.com/i/teamlogos/wnba/500/con.png,69
401856905,2026,2,2026-05-13,2026-05-14T00:00:00Z,18,s:40~l:59~t:18,connecticut-sun,Connecticut,Sun,CON,Connecticut Sun,Sun,f05023,0a2240,https://a.espncdn.com/i/teamlogos/wnba/500/con.png,home,69,False,16,3,21,2,33,23,70,0,20,83,20,24,2,2,1,8,34,6,1,1,23,3,13,29,1,14,18,13,17,s:40~l:59~t:17,las-vegas-aces,Las Vegas,Aces,LV,Las Vegas Aces,Aces,a7a8aa,000000,https://a.espncdn.com/i/teamlogos/wnba/500/lv.png,98
401856904,2026,2,2026-05-13,2026-05-13T23:00:00Z,14,s:40~l:59~t:14,seattle-storm,Seattle,Storm,SEA,Seattle Storm,Storm,2c5235,fee11a,https://a.espncdn.com/i/teamlogos/wnba/500/sea.png,away,73,False,18,5,25,2,47,27,58,0,21,71,12,17,4,9,21,3,38,6,0,0,35,7,20,28,0,19,26,19,131935,s:40~l:59~t:131935,toronto-tempo,Toronto,Tempo,TOR,Toronto Tempo,Tempo,33476D,7B1B38,https://a.espncdn.com/i/teamlogos/wnba/500/tor.png,86
401856904,2026,2,2026-05-13,2026-05-13T23:00:00Z,131935,s:40~l:59~t:131935,toronto-tempo,Toronto,Tempo,TOR,Toronto Tempo,Tempo,33476D,7B1B38,https://a.espncdn.com/i/teamlogos/wnba/500/tor.png,home,86,True,21,4,24,17,43,30,69,0,17,83,15,18,13,9,77,9,32,11,0,0,38,11,29,33,0,12,14,12,14,s:40~l:59~t:14,seattle-storm,Seattle,Storm,SEA,Seattle Storm,Storm,2c5235,fee11a,https://a.espncdn.com/i/teamlogos/wnba/500/sea.png,73
401856902,2026,2,2026-05-12,2026-05-13T02:00:00Z,8,s:40~l:59~t:8,minnesota-lynx,Minnesota,Lynx,MIN,Minnesota Lynx,Lynx,266092,79bc43,https://a.espncdn.com/i/teamlogos/wnba/500/min.png,away,88,True,20,4,34,6,50,32,64,0,28,71,17,24,5,17,22,9,42,5,0,0,37,7,19,43,0,15,21,15,11,s:40~l:59~t:11,phoenix-mercury,Phoenix,Mercury,PHX,Phoenix Mercury,Mercury,3c286e,fa4b0a,https://a.espncdn.com/i/teamlogos/wnba/500/phx.png,84
401856902,2026,2,2026-05-12,2026-05-13T02:00:00Z,11,s:40~l:59~t:11,phoenix-mercury,Phoenix,Mercury,PHX,Phoenix Mercury,Mercury,3c286e,fa4b0a,https://a.espncdn.com/i/teamlogos/wnba/500/phx.png,home,84,False,20,4,22,17,37,26,71,0,22,70,23,33,8,17,62,9,32,11,0,1,31,9,29,31,1,11,12,11,8,s:40~l:59~t:8,minnesota-lynx,Minnesota,Lynx,MIN,Minnesota Lynx,Lynx,266092,79bc43,https://a.espncdn.com/i/teamlogos/wnba/500/min.png,88
401856903,2026,2,2026-05-12,2026-05-13T02:00:00Z,9,s:40~l:59~t:9,new-york-liberty,New York,Liberty,NY,New York Liberty,Liberty,86cebc,000000,https://a.espncdn.com/i/teamlogos/wnba/500/ny.png,away,96,False,23,3,23,10,53,33,62,0,16,94,17,18,13,14,77,8,32,7,0,1,46,13,28,31,1,18,25,18,132052,s:40~l:59~t:132052,portland-fire,Portland,Fire,POR,Portland Fire,Fire,cee5eb,000000,https://a.espncdn.com/i/teamlogos/wnba/500/por.png,98
401856903,2026,2,2026-05-12,2026-05-13T02:00:00Z,132052,s:40~l:59~t:132052,portland-fire,Portland,Fire,POR,Portland Fire,Fire,cee5eb,000000,https://a.espncdn.com/i/teamlogos/wnba/500/por.png,home,98,True,15,4,18,7,50,34,68,0,21,100,15,15,4,14,12,8,34,8,1,0,45,15,33,26,0,14,19,13,9,s:40~l:59~t:9,new-york-liberty,New York,Liberty,NY,New York Liberty,Liberty,86cebc,000000,https://a.espncdn.com/i/teamlogos/wnba/500/ny.png,96
401856901,2026,2,2026-05-12,2026-05-13T00:00:00Z,20,s:40~l:59~t:20,atlanta-dream,Atlanta,Dream,ATL,Atlanta Dream,Dream,e31837,5091cc,https://a.espncdn.com/i/teamlogos/wnba/500/atl.png,away,77,True,13,3,33,7,38,26,69,0,18,94,16,17,10,8,54,11,34,5,3,0,27,9,33,44,0,12,10,9,3,s:40~l:59~t:3,dallas-wings,Dallas,Wings,DAL,Dallas Wings,Wings,002b5c,c4d600,https://a.espncdn.com/i/teamlogos/wnba/500/dal.png,72
401856901,2026,2,2026-05-12,2026-05-13T00:00:00Z,3,s:40~l:59~t:3,dallas-wings,Dallas,Wings,DAL,Dallas Wings,Wings,002b5c,c4d600,https://a.espncdn.com/i/teamlogos/wnba/500/dal.png,home,72,False,15,4,27,9,38,28,73,0,17,86,12,14,9,8,38,7,36,3,2,0,15,4,26,34,0,10,7,8,20,s:40~l:59~t:20,atlanta-dream,Atlanta,Dream,ATL,Atlanta Dream,Dream,e31837,5091cc,https://a.espncdn.com/i/teamlogos/wnba/500/atl.png,77
401856900,2026,2,2026-05-10,2026-05-11T00:30:00Z,11,s:40~l:59~t:11,phoenix-mercury,Phoenix,Mercury,PHX,Phoenix Mercury,Mercury,3c286e,fa4b0a,https://a.espncdn.com/i/teamlogos/wnba/500/phx.png,away,79,False,20,3,20,11,48,26,54,0,21,84,16,19,9,1,29,4,24,2,0,0,50,11,22,24,0,17,24,17,129689,s:40~l:59~t:129689,golden-state-valkyries,Golden State,Valkyries,GS,Golden State Valkyries,Valkyries,b38fcf,000000,https://a.espncdn.com/i/teamlogos/wnba/500/gs.png,95
401856900,2026,2,2026-05-10,2026-05-11T00:30:00Z,129689,s:40~l:59~t:129689,golden-state-valkyries,Golden State,Valkyries,GS,Golden State Valkyries,Valkyries,b38fcf,000000,https://a.espncdn.com/i/teamlogos/wnba/500/gs.png,home,95,True,25,4,24,13,49,33,67,0,21,89,16,18,18,1,69,6,38,10,2,0,39,13,33,30,0,11,11,9,11,s:40~l:59~t:11,phoenix-mercury,Phoenix,Mercury,PHX,Phoenix Mercury,Mercury,3c286e,fa4b0a,https://a.espncdn.com/i/teamlogos/wnba/500/phx.png,79
401856898,2026,2,2026-05-10,2026-05-10T22:00:00Z,17,s:40~l:59~t:17,las-vegas-aces,Las Vegas,Aces,LV,Las Vegas Aces,Aces,a7a8aa,000000,https://a.espncdn.com/i/teamlogos/wnba/500/lv.png,away,105,True,28,10,25,9,62,43,69,0,16,71,12,17,32,0,99,6,62,11,1,0,35,7,20,31,0,15,11,14,6,s:40~l:59~t:6,los-angeles-sparks,Los Angeles,Sparks,LA,Los Angeles Sparks,Sparks,552583,fdb927,https://a.espncdn.com/i/teamlogos/wnba/500/la.png,78
401856898,2026,2,2026-05-10,2026-05-10T22:00:00Z,6,s:40~l:59~t:6,los-angeles-sparks,Los Angeles,Sparks,LA,Los Angeles Sparks,Sparks,552583,fdb927,https://a.espncdn.com/i/teamlogos/wnba/500/la.png,home,78,False,11,0,17,5,37,29,78,1,17,69,11,16,0,0,0,15,40,8,0,0,29,9,31,32,0,19,26,19,17,s:40~l:59~t:17,las-vegas-aces,Las Vegas,Aces,LV,Las Vegas Aces,Aces,a7a8aa,000000,https://a.espncdn.com/i/teamlogos/wnba/500/lv.png,105
401856897,2026,2,2026-05-10,2026-05-10T19:00:00Z,9,s:40~l:59~t:9,new-york-liberty,New York,Liberty,NY,New York Liberty,Liberty,86cebc,000000,https://a.espncdn.com/i/teamlogos/wnba/500/ny.png,away,98,True,19,5,26,10,48,33,69,0,31,82,23,28,12,11,64,8,40,7,1,1,33,9,27,34,1,16,16,15,16,s:40~l:59~t:16,washington-mystics,Washington,Mystics,WSH,Washington Mystics,Mystics,e03a3e,002b5c,https://a.espncdn.com/i/teamlogos/wnba/500/wsh.png,93
401856897,2026,2,2026-05-10,2026-05-10T19:00:00Z,16,s:40~l:59~t:16,washington-mystics,Washington,Mystics,WSH,Washington Mystics,Mystics,e03a3e,002b5c,https://a.espncdn.com/i/teamlogos/wnba/500/wsh.png,home,93,False,24,1,23,6,43,34,80,0,27,69,20,29,8,11,20,19,54,7,0,0,19,5,26,42,0,13,19,13,9,s:40~l:59~t:9,new-york-liberty,New York,Liberty,NY,New York Liberty,Liberty,86cebc,000000,https://a.espncdn.com/i/teamlogos/wnba/500/ny.png,98
401856896,2026,2,2026-05-10,2026-05-10T17:00:00Z,14,s:40~l:59~t:14,seattle-storm,Seattle,Storm,SEA,Seattle Storm,Storm,2c5235,fee11a,https://a.espncdn.com/i/teamlogos/wnba/500/sea.png,away,89,True,14,8,25,19,44,27,61,0,22,76,25,33,9,2,74,7,34,10,1,2,45,10,22,32,2,15,15,14,18,s:40~l:59~t:18,connecticut-sun,Connecticut,Sun,CON,Connecticut Sun,Sun,f05023,0a2240,https://a.espncdn.com/i/teamlogos/wnba/500/con.png,82
401856896,2026,2,2026-05-10,2026-05-10T17:00:00Z,18,s:40~l:59~t:18,connecticut-sun,Connecticut,Sun,CON,Connecticut Sun,Sun,f05023,0a2240,https://a.espncdn.com/i/teamlogos/wnba/500/con.png,home,82,False,18,3,31,7,40,29,73,0,28,73,16,22,5,2,19,10,40,7,2,0,35,8,23,41,0,18,19,16,14,s:40~l:59~t:14,seattle-storm,Seattle,Storm,SEA,Seattle Storm,Storm,2c5235,fee11a,https://a.espncdn.com/i/teamlogos/wnba/500/sea.png,89
401856895,2026,2,2026-05-09,2026-05-10T01:00:00Z,19,s:40~l:59~t:19,chicago-sky,Chicago,Sky,CHI,Chicago Sky,Sky,5091cd,ffd520,https://a.espncdn.com/i/teamlogos/wnba/500/chi.png,away,98,True,22,8,32,12,48,33,69,0,17,76,26,34,18,4,88,14,48,4,2,1,35,6,17,46,1,11,12,9,132052,s:40~l:59~t:132052,portland-fire,Portland,Fire,POR,Portland Fire,Fire,cee5eb,000000,https://a.espncdn.com/i/teamlogos/wnba/500/por.png,83
401856895,2026,2,2026-05-09,2026-05-10T01:00:00Z,132052,s:40~l:59~t:132052,portland-fire,Portland,Fire,POR,Portland Fire,Fire,cee5eb,000000,https://a.espncdn.com/i/teamlogos/wnba/500/por.png,home,83,False,20,7,21,9,41,29,71,0,24,80,16,20,3,4,6,3,40,6,0,0,31,9,29,24,0,8,16,8,19,s:40~l:59~t:19,chicago-sky,Chicago,Sky,CHI,Chicago Sky,Sky,5091cd,ffd520,https://a.espncdn.com/i/teamlogos/wnba/500/chi.png,98
401856899,2026,2,2026-05-09,2026-05-10T00:00:00Z,20,s:40~l:59~t:20,atlanta-dream,Atlanta,Dream,ATL,Atlanta Dream,Dream,e31837,5091cc,https://a.espncdn.com/i/teamlogos/wnba/500/atl.png,away,91,True,22,6,27,14,42,31,73,0,18,73,22,30,1,1,1,19,46,9,1,1,24,7,29,46,1,21,27,20,8,s:40~l:59~t:8,minnesota-lynx,Minnesota,Lynx,MIN,Minnesota Lynx,Lynx,266092,79bc43,https://a.espncdn.com/i/teamlogos/wnba/500/min.png,90
401856899,2026,2,2026-05-09,2026-05-10T00:00:00Z,8,s:40~l:59~t:8,minnesota-lynx,Minnesota,Lynx,MIN,Minnesota Lynx,Lynx,266092,79bc43,https://a.espncdn.com/i/teamlogos/wnba/500/min.png,home,90,False,20,7,18,13,50,35,70,0,24,68,15,22,19,1,96,7,46,10,0,1,28,5,18,25,1,15,15,15,20,s:40~l:59~t:20,atlanta-dream,Atlanta,Dream,ATL,Atlanta Dream,Dream,e31837,5091cc,https://a.espncdn.com/i/teamlogos/wnba/500/atl.png,91
401856894,2026,2,2026-05-09,2026-05-09T19:30:00Z,11,s:40~l:59~t:11,phoenix-mercury,Phoenix,Mercury,PHX,Phoenix Mercury,Mercury,3c286e,fa4b0a,https://a.espncdn.com/i/teamlogos/wnba/500/phx.png,away,99,True,23,4,30,10,49,38,77,1,10,80,12,15,38,0,98,7,46,11,1,0,46,11,24,37,0,8,6,7,17,s:40~l:59~t:17,las-vegas-aces,Las Vegas,Aces,LV,Las Vegas Aces,Aces,a7a8aa,000000,https://a.espncdn.com/i/teamlogos/wnba/500/lv.png,66
401856894,2026,2,2026-05-09,2026-05-09T19:30:00Z,17,s:40~l:59~t:17,las-vegas-aces,Las Vegas,Aces,LV,Las Vegas Aces,Aces,a7a8aa,000000,https://a.espncdn.com/i/teamlogos/wnba/500/lv.png,home,66,False,19,8,29,8,41,29,71,0,15,50,4,8,0,0,0,6,38,5,0,0,21,4,19,35,0,17,19,17,11,s:40~l:59~t:11,phoenix-mercury,Phoenix,Mercury,PHX,Phoenix Mercury,Mercury,3c286e,fa4b0a,https://a.espncdn.com/i/teamlogos/wnba/500/phx.png,99
401856893,2026,2,2026-05-09,2026-05-09T17:00:00Z,3,s:40~l:59~t:3,dallas-wings,Dallas,Wings,DAL,Dallas Wings,Wings,002b5c,c4d600,https://a.espncdn.com/i/teamlogos/wnba/500/dal.png,away,107,True,26,2,24,25,59,39,66,0,28,71,17,24,9,11,77,3,44,9,2,0,52,12,23,27,0,17,22,15,5,s:40~l:59~t:5,indiana-fever,Indiana,Fever,IND,Indiana Fever,Fever,002d62,e03a3e,https://a.espncdn.com/i/teamlogos/wnba/500/ind.png,104
401856893,2026,2,2026-05-09,2026-05-09T17:00:00Z,5,s:40~l:59~t:5,indiana-fever,Indiana,Fever,IND,Indiana Fever,Fever,002d62,e03a3e,https://a.espncdn.com/i/teamlogos/wnba/500/ind.png,home,104,False,23,2,21,12,52,40,77,0,25,81,17,21,4,11,10,7,62,4,0,1,29,7,24,28,1,14,19,14,3,s:40~l:59~t:3,dallas-wings,Dallas,Wings,DAL,Dallas Wings,Wings,002b5c,c4d600,https://a.espncdn.com/i/teamlogos/wnba/500/dal.png,107
401856892,2026,2,2026-05-08,2026-05-09T02:00:00Z,129689,s:40~l:59~t:129689,golden-state-valkyries,Golden State,Valkyries,GS,Golden State Valkyries,Valkyries,b38fcf,000000,https://a.espncdn.com/i/teamlogos/wnba/500/gs.png,away,91,True,22,5,22,2,42,31,74,0,23,64,14,22,20,3,72,13,28,5,0,1,41,15,37,35,1,9,5,9,14,s:40~l:59~t:14,seattle-storm,Seattle,Storm,SEA,Seattle Storm,Storm,2c5235,fee11a,https://a.espncdn.com/i/teamlogos/wnba/500/sea.png,80
401856892,2026,2,2026-05-08,2026-05-09T02:00:00Z,14,s:40~l:59~t:14,seattle-storm,Seattle,Storm,SEA,Seattle Storm,Storm,2c5235,fee11a,https://a.espncdn.com/i/teamlogos/wnba/500/sea.png,home,80,False,16,5,28,9,41,26,63,2,22,70,19,27,7,3,25,13,30,4,0,0,35,9,26,41,0,14,12,14,129689,s:40~l:59~t:129689,golden-state-valkyries,Golden State,Valkyries,GS,Golden State Valkyries,Valkyries,b38fcf,000000,https://a.espncdn.com/i/teamlogos/wnba/500/gs.png,91
401856890,2026,2,2026-05-08,2026-05-08T23:30:00Z,18,s:40~l:59~t:18,connecticut-sun,Connecticut,Sun,CON,Connecticut Sun,Sun,f05023,0a2240,https://a.espncdn.com/i/teamlogos/wnba/500/con.png,away,75,False,21,2,20,1,39,32,83,0,25,47,7,15,0,0,0,12,32,5,1,1,18,4,22,32,1,17,24,16,9,s:40~l:59~t:9,new-york-liberty,New York,Liberty,NY,New York Liberty,Liberty,86cebc,000000,https://a.espncdn.com/i/teamlogos/wnba/500/ny.png,106
401856890,2026,2,2026-05-08,2026-05-08T23:30:00Z,9,s:40~l:59~t:9,new-york-liberty,New York,Liberty,NY,New York Liberty,Liberty,86cebc,000000,https://a.espncdn.com/i/teamlogos/wnba/500/ny.png,home,106,True,26,5,30,19,52,35,67,0,23,84,26,31,33,0,97,7,42,9,2,0,32,10,31,37,0,18,20,16,18,s:40~l:59~t:18,connecticut-sun,Connecticut,Sun,CON,Connecticut Sun,Sun,f05023,0a2240,https://a.espncdn.com/i/teamlogos/wnba/500/con.png,75
401856891,2026,2,2026-05-08,2026-05-08T23:30:00Z,16,s:40~l:59~t:16,washington-mystics,Washington,Mystics,WSH,Washington Mystics,Mystics,e03a3e,002b5c,https://a.espncdn.com/i/teamlogos/wnba/500/wsh.png,away,68,True,14,5,35,7,39,25,64,1,28,59,13,22,9,8,83,9,40,10,0,0,21,5,24,44,0,18,18,18,131935,s:40~l:59~t:131935,toronto-tempo,Toronto,Tempo,TOR,Toronto Tempo,Tempo,33476D,7B1B38,https://a.espncdn.com/i/teamlogos/wnba/500/tor.png,65
401856891,2026,2,2026-05-08,2026-05-08T23:30:00Z,131935,s:40~l:59~t:131935,toronto-tempo,Toronto,Tempo,TOR,Toronto Tempo,Tempo,33476D,7B1B38,https://a.espncdn.com/i/teamlogos/wnba/500/tor.png,home,65,False,10,2,28,11,27,17,63,0,26,74,26,35,2,8,7,9,16,10,0,1,20,5,25,37,1,16,9,16,16,s:40~l:59~t:16,washington-mystics,Washington,Mystics,WSH,Washington Mystics,Mystics,e03a3e,002b5c,https://a.espncdn.com/i/teamlogos/wnba/500/wsh.png,68
